{
  "model": "Random Forest",
  "rmse": 0.3094200759649221,
  "mae": 0.11016129032258085,
  "r2": 0.9999627253883406
}