{
  "model": "Random Forest",
  "rmse": 0.7052480881625667,
  "mae": 0.15600998300764693,
  "r2": 0.9997708581035268
}