{
  "model": "Random Forest",
  "rmse": 1.641850381158259,
  "mae": 0.22408293460925058,
  "r2": 0.9991067739198498
}