{
  "model": "Random Forest",
  "rmse": 21.302940888581404,
  "mae": 1.095839085072231,
  "r2": 0.8592736454411929
}