{
  "model": "Random Forest",
  "rmse": 1.0514559779941692,
  "mae": 0.1559673659673662,
  "r2": 0.999566098895088
}