{
  "model": "Random Forest",
  "rmse": 0.2837022126167591,
  "mae": 0.10168465227817763,
  "r2": 0.9999689683294308
}