{
  "model": "Random Forest",
  "rmse": 20.752786650140955,
  "mae": 1.0612089552238804,
  "r2": 0.815685746161014
}