{
  "model": "Random Forest",
  "rmse": 1.4531121617925131,
  "mae": 0.2635469387755107,
  "r2": 0.9993003097588334
}