{
  "model": "Random Forest",
  "rmse": 0.3389885988380441,
  "mae": 0.11028436018957377,
  "r2": 0.9999477560355008
}