{
  "model": "Random Forest",
  "rmse": 0.965509034093029,
  "mae": 0.16019491525423743,
  "r2": 0.9996607698308271
}