{
  "model": "Random Forest",
  "rmse": 20.890808482432558,
  "mae": 1.0983153347732184,
  "r2": 0.8170435606565278
}