{
  "model": "Random Forest",
  "rmse": 2.1473082428979904,
  "mae": 0.3068008048289738,
  "r2": 0.9984320633413808
}