{
  "model": "Random Forest",
  "rmse": 1.3491444183754167,
  "mae": 0.22960818042813486,
  "r2": 0.9994605524180822
}