{
  "model": "Random Forest",
  "rmse": 1.2821146292773218,
  "mae": 0.1579633401221998,
  "r2": 0.9992931486706645
}