{
  "model": "Random Forest",
  "rmse": 0.5656715117974919,
  "mae": 0.12662037037037074,
  "r2": 0.9998493299222344
}