{
  "model": "Random Forest",
  "rmse": 0.25162758658992357,
  "mae": 0.09356294536817128,
  "r2": 0.9999709500486784
}