{
  "model": "Random Forest",
  "rmse": 0.3403532150645629,
  "mae": 0.09992822966507182,
  "r2": 0.9999460885411662
}