{
  "model": "Random Forest",
  "rmse": 2.0268941296066334,
  "mae": 0.2950214132762314,
  "r2": 0.9979188729659859
}