{
  "model": "Random Forest",
  "rmse": 6.670057610945602,
  "mae": 0.5076166666666668,
  "r2": 0.9833044623980489
}