{
  "model": "Random Forest",
  "rmse": 20.46717250447925,
  "mae": 1.045026090783352,
  "r2": 0.8621272043371881
}