{
  "model": "Random Forest",
  "rmse": 1.6440878405746002,
  "mae": 0.2500053030303033,
  "r2": 0.9991843141888435
}