{
  "model": "Random Forest",
  "rmse": 0.2921899415589963,
  "mae": 0.10012937595129394,
  "r2": 0.9999586366490569
}