{
  "model": "Random Forest",
  "rmse": 20.196821412081533,
  "mae": 0.9712727272727274,
  "r2": 0.7825457227267001
}