{
  "model": "Random Forest",
  "rmse": 0.8336306215059097,
  "mae": 0.162880372188883,
  "r2": 0.9997691417221932
}