{
  "model": "Random Forest",
  "rmse": 21.019797306682204,
  "mae": 1.0777680525164117,
  "r2": 0.8430279874748624
}