{
  "model": "Random Forest",
  "rmse": 4.76463086892082,
  "mae": 0.45303769401330374,
  "r2": 0.9908025752136246
}