{
  "model": "Ridge Regression",
  "rmse": 1.8958944572089458,
  "mae": 0.5129162671638805,
  "r2": 0.9986071045992108
}