{
  "model": "Random Forest",
  "rmse": 0.3466094244330816,
  "mae": 0.10433634992458546,
  "r2": 0.999963663477767
}