{
  "model": "Random Forest",
  "rmse": 0.5024352711710617,
  "mae": 0.1338626609442063,
  "r2": 0.9998959168061282
}