{
  "model": "Random Forest",
  "rmse": 20.360680494665395,
  "mae": 1.0065092402464066,
  "r2": 0.7937288242884587
}