{
  "model": "Random Forest",
  "rmse": 4.967635910163677,
  "mae": 0.5002178649237474,
  "r2": 0.9897681844695417
}