{
  "model": "Random Forest",
  "rmse": 1.4916913913832675,
  "mae": 0.258106904231626,
  "r2": 0.9988943563765688
}