{
  "model": "Random Forest",
  "rmse": 2.2165046237832997,
  "mae": 0.2566153846153846,
  "r2": 0.9976285261601181
}