{
  "model": "Random Forest",
  "rmse": 1.1228732543070459,
  "mae": 0.20908333333333343,
  "r2": 0.9995919208911509
}