{
  "model": "Random Forest",
  "rmse": 21.44011162008356,
  "mae": 1.4527715457547674,
  "r2": 0.8872009057602523
}