{
  "model": "Random Forest",
  "rmse": 6.730379380683494,
  "mae": 0.6000881057268723,
  "r2": 0.9775917954215957
}