{
  "model": "Random Forest",
  "rmse": 1.3098992666813605,
  "mae": 0.22683322335862788,
  "r2": 0.9994128600608236
}