{
  "model": "Random Forest",
  "rmse": 0.6154772890923186,
  "mae": 0.13886363636363638,
  "r2": 0.9998338303907528
}