{
  "model": "Random Forest",
  "rmse": 1.0025126689622985,
  "mae": 0.21930028129395235,
  "r2": 0.9996346090369027
}