{
  "model": "Random Forest",
  "rmse": 1.3631715002034606,
  "mae": 0.23283099141295888,
  "r2": 0.999447916095065
}