{
  "model": "Random Forest",
  "rmse": 1.3404039542800292,
  "mae": 0.2540395395395399,
  "r2": 0.9993734652583353
}