{
  "model": "Random Forest",
  "rmse": 1.0116600057003444,
  "mae": 0.1485075431034486,
  "r2": 0.9994862041741396
}