{
  "model": "Random Forest",
  "rmse": 0.4045013217839916,
  "mae": 0.10125610152945017,
  "r2": 0.9999339246804884
}