{
  "model": "Random Forest",
  "rmse": 1.3295802158937755,
  "mae": 0.2698790670114202,
  "r2": 0.9994328012714349
}