{
  "model": "Random Forest",
  "rmse": 1.8844084500154623,
  "mae": 0.37256637168141626,
  "r2": 0.9988900308812526
}