{
  "model": "Random Forest",
  "rmse": 0.6130351927136184,
  "mae": 0.14047722342733227,
  "r2": 0.9998434383617087
}