{
  "model": "Random Forest",
  "rmse": 6.25877614215519,
  "mae": 0.5427822853279245,
  "r2": 0.9869883639958511
}