{
  "model": "Random Forest",
  "rmse": 20.55762718433432,
  "mae": 1.0438824965132494,
  "r2": 0.862212786142051
}