{
  "model": "Random Forest",
  "rmse": 0.3453686941280597,
  "mae": 0.1050697674418606,
  "r2": 0.9999443230802321
}