{
  "model": "Ridge Regression",
  "rmse": 0.8578652383901721,
  "mae": 0.23165653292157246,
  "r2": 0.9994304239597266
}